{
  "S1": [
    0.008107252977830546,
    0.01915863611595949,
    0.07205939188107632,
    0.16772032806601275,
    0.20084317373954644,
    0.03510833375644485,
    0.03629206194406176,
    0.009578233555029812,
    0.004386645599061641,
    0.0024820510119624674,
    -0.0004906366410725165,
    0.010664853009232634
  ],
  "S1_conf": [
    0.035289901414696984,
    0.03424310051447916,
    0.0516927994300577,
    0.0484019264158557,
    0.06181367000246191,
    0.03990629041959874,
    0.029680546877810462,
    0.020866937129201856,
    0.029246478850968764,
    0.026262121462220473,
    0.024850835480281098,
    0.026083384045138214
  ],
  "ST": [
    0.15873212478723783,
    0.15327283564434271,
    0.39703093024525465,
    0.4354616368283785,
    0.3897007782682087,
    0.14766679957758133,
    0.12984785743704044,
    0.06470263219541829,
    0.11561590488212413,
    0.07180312371796924,
    0.08496616758493764,
    0.10415705411693571
  ],
  "ST_conf": [
    0.030381990934101395,
    0.029413437048339642,
    0.06560072430906175,
    0.06578298566353222,
    0.04998252404437452,
    0.02665295901121759,
    0.02918533430701669,
    0.01912395472785882,
    0.020062608786342806,
    0.015927831530783115,
    0.022039208179890035,
    0.021878576109099865
  ],
  "S2": [
    [
      NaN,
      0.016278991815572685,
      0.01659803343205364,
      -0.005904209650834796,
      0.015187626592426534,
      0.00794435193717849,
      0.02497014540980856,
      0.0005023591290185068,
      0.006643494032715652,
      0.0038796136128575647,
      0.01382950899222002,
      0.011822195991998689
    ],
    [
      NaN,
      NaN,
      0.04672454383154506,
      0.020338119210033784,
      0.0009378451493257112,
      -0.0035588517494442307,
      0.010020523724491755,
      0.008625355762716405,
      0.033535213352144544,
      0.01764770364451863,
      0.019503016275870443,
      0.024832028186023442
    ],
    [
      NaN,
      NaN,
      NaN,
      0.12284110295778819,
      0.011793772659877966,
      0.06999949798231314,
      0.0453962039002353,
      0.03320650332205596,
      0.06726937348542254,
      0.06086824484012463,
      0.03869682248497333,
      0.05649905275707644
    ],
    [
      NaN,
      NaN,
      NaN,
      NaN,
      -0.0013860896278670154,
      -0.034373346843055326,
      -0.007280234756880444,
      -0.02830469575465313,
      -0.0168209846044121,
      -0.01823691487466322,
      -0.026949520585775377,
      -0.014695155515957615
    ],
    [
      NaN,
      NaN,
      NaN,
      NaN,
      NaN,
      0.004558866353080747,
      0.022604057974183495,
      0.009990168157329817,
      -0.003476799873285987,
      0.010914340238042806,
      0.014907582546294262,
      0.021932043677670748
    ],
    [
      NaN,
      NaN,
      NaN,
      NaN,
      NaN,
      NaN,
      0.00707317889652944,
      0.005625918734115241,
      0.007623133154754936,
      0.0033533798464821284,
      0.0015052115761656278,
      -0.002082535551183009
    ],
    [
      NaN,
      NaN,
      NaN,
      NaN,
      NaN,
      NaN,
      NaN,
      -0.0056987898781227855,
      -0.012570373019995293,
      -0.0011325781730535276,
      0.006505829765295435,
      -0.00244457537812778
    ],
    [
      NaN,
      NaN,
      NaN,
      NaN,
      NaN,
      NaN,
      NaN,
      NaN,
      0.01434224812454098,
      0.012550265090305983,
      0.011115521961096244,
      0.0139056585485758
    ],
    [
      NaN,
      NaN,
      NaN,
      NaN,
      NaN,
      NaN,
      NaN,
      NaN,
      NaN,
      0.019434191608780294,
      -8.945302103605134e-05,
      0.02665727491874539
    ],
    [
      NaN,
      NaN,
      NaN,
      NaN,
      NaN,
      NaN,
      NaN,
      NaN,
      NaN,
      NaN,
      0.0034547759786184625,
      0.010348814840789044
    ],
    [
      NaN,
      NaN,
      NaN,
      NaN,
      NaN,
      NaN,
      NaN,
      NaN,
      NaN,
      NaN,
      NaN,
      0.01033126823385833
    ],
    [
      NaN,
      NaN,
      NaN,
      NaN,
      NaN,
      NaN,
      NaN,
      NaN,
      NaN,
      NaN,
      NaN,
      NaN
    ]
  ],
  "S2_conf": [
    [
      NaN,
      0.05353041074103292,
      0.05250323939734565,
      0.051880864488725524,
      0.05767609404169363,
      0.04938612050139268,
      0.052887484711125095,
      0.05227817955438534,
      0.05154167751933075,
      0.0533259488729517,
      0.0507900838145773,
      0.051898091397992514
    ],
    [
      NaN,
      NaN,
      0.05411567396329734,
      0.0472445137165469,
      0.05360306266443169,
      0.047740357201747886,
      0.04428684109273887,
      0.04382718206304961,
      0.051302870108809746,
      0.043741656347313536,
      0.04480358476558336,
      0.04125916104816524
    ],
    [
      NaN,
      NaN,
      NaN,
      0.07524749138183345,
      0.08138832755045627,
      0.06669344565509976,
      0.06420679941025659,
      0.05834025630499208,
      0.06395640971580842,
      0.06085353738657288,
      0.06566926446234915,
      0.06412989016912889
    ],
    [
      NaN,
      NaN,
      NaN,
      NaN,
      0.0674480373639014,
      0.06496690691371762,
      0.056759975955873836,
      0.05593683634313446,
      0.06081380329180303,
      0.06120660627608128,
      0.06094204683635201,
      0.061068612570773784
    ],
    [
      NaN,
      NaN,
      NaN,
      NaN,
      NaN,
      0.07147074663222873,
      0.07018621658728792,
      0.07024962114481297,
      0.07987820720024312,
      0.07118284032422732,
      0.07043624269267532,
      0.07416933394820165
    ],
    [
      NaN,
      NaN,
      NaN,
      NaN,
      NaN,
      NaN,
      0.048075246038592125,
      0.04575376204211647,
      0.04647409962530659,
      0.04389298320167061,
      0.04580842681158987,
      0.044781894236017056
    ],
    [
      NaN,
      NaN,
      NaN,
      NaN,
      NaN,
      NaN,
      NaN,
      0.042809950072764225,
      0.04042874387860562,
      0.04134483692852086,
      0.04629862022093744,
      0.044341471125115814
    ],
    [
      NaN,
      NaN,
      NaN,
      NaN,
      NaN,
      NaN,
      NaN,
      NaN,
      0.028380009874493843,
      0.02796518119331084,
      0.027830355940345882,
      0.027953026795938397
    ],
    [
      NaN,
      NaN,
      NaN,
      NaN,
      NaN,
      NaN,
      NaN,
      NaN,
      NaN,
      0.04084921902425844,
      0.03910832387346032,
      0.040703354682805816
    ],
    [
      NaN,
      NaN,
      NaN,
      NaN,
      NaN,
      NaN,
      NaN,
      NaN,
      NaN,
      NaN,
      0.03734464235227919,
      0.036695568257705646
    ],
    [
      NaN,
      NaN,
      NaN,
      NaN,
      NaN,
      NaN,
      NaN,
      NaN,
      NaN,
      NaN,
      NaN,
      0.03634634398153071
    ],
    [
      NaN,
      NaN,
      NaN,
      NaN,
      NaN,
      NaN,
      NaN,
      NaN,
      NaN,
      NaN,
      NaN,
      NaN
    ]
  ],
  "params": [
    "tree_alloc_ass",
    "tree_alloc_abg",
    "tree_pmax",
    "tree_lue",
    "tree_topt",
    "tree_tmin",
    "tree_tmax",
    "c3_pmax",
    "c3_lue",
    "c3_topt",
    "c3_tmin",
    "c3_tmax"
  ]
}