{
  "train_loss": [
    8.056393539533027e-05,
    1.5270792811882826e-05,
    1.029725150879255e-05,
    9.584899207941485e-06,
    8.073592199654275e-06,
    7.067928646838459e-06,
    6.587922304528007e-06,
    6.43663556015821e-06,
    6.748229405669935e-06,
    6.07671890804296e-06,
    6.085454596370187e-06,
    5.907044737155626e-06,
    5.713522329815903e-06,
    5.441465226841718e-06,
    5.198960806258032e-06,
    5.158635553416193e-06,
    5.1588552965312035e-06,
    5.187036424858206e-06,
    5.428814576886033e-06,
    5.074344435282153e-06,
    4.833174010659207e-06,
    4.674339248698036e-06,
    4.606747139193672e-06,
    4.607165069559011e-06,
    4.4568169411223384e-06,
    4.4144621498702235e-06,
    4.3470787150221205e-06,
    4.329212230020457e-06,
    4.2752125440713455e-06,
    4.227043406019198e-06,
    4.2095136739452075e-06,
    4.179317549796993e-06,
    4.149867676152445e-06,
    4.124767549443198e-06,
    4.106017433994427e-06,
    4.10613799224876e-06,
    4.078703075035043e-06,
    4.051334046338409e-06,
    4.046665530746913e-06,
    4.043865109704662e-06,
    4.036835919062919e-06,
    4.0194653126277e-06,
    4.0025859128273066e-06,
    3.997052497659865e-06,
    3.989058409626008e-06,
    3.977974762518366e-06,
    3.9748936758626775e-06,
    3.960844339051697e-06,
    3.9564819640428806e-06,
    3.9695183519342545e-06
  ],
  "val_loss": [
    2.746965249779286e-05,
    1.6296856927703487e-05,
    1.8867430422265267e-05,
    1.8939453058960153e-05,
    1.845987126742346e-05,
    1.6363500714842282e-05,
    1.832323715611509e-05,
    1.6266669578360398e-05,
    1.7940877220774015e-05,
    1.535058728416501e-05,
    1.6791242476176754e-05,
    1.8093733602406704e-05,
    1.5868974506406476e-05,
    1.7604899105836068e-05,
    1.6898092715852905e-05,
    1.7728687735863396e-05,
    1.7474897925354912e-05,
    1.5745780198099813e-05,
    1.505651248910355e-05,
    1.7241181209724936e-05,
    1.8964181964559167e-05,
    1.8402306102817733e-05,
    1.7717736741093832e-05,
    1.80463236159987e-05,
    1.7169508900444813e-05,
    1.6870453003860707e-05,
    1.6529358928719578e-05,
    1.7850410230220175e-05,
    1.9832282732260722e-05,
    1.9220745534142775e-05,
    1.7097943921655427e-05,
    1.7375345956859777e-05,
    1.9125212836678546e-05,
    1.8721860632141944e-05,
    1.8132643909251645e-05,
    1.7859524761948372e-05,
    1.7115863574535186e-05,
    1.8538068153283938e-05,
    1.869037084134171e-05,
    1.897340460204254e-05,
    1.8500355648881397e-05,
    1.8437867879130598e-05,
    1.9216180773991026e-05,
    1.968619393670044e-05,
    1.909639942541544e-05,
    1.9095048167940508e-05,
    1.9164930482654493e-05,
    1.7913193748498137e-05,
    1.9421950816749406e-05,
    1.9071119389609402e-05
  ],
  "learning_rate": [
    0.0019984450225276613,
    0.0019933426317044786,
    0.0019847053702580966,
    0.001972567414998921,
    0.0019569767946451045,
    0.0019379951997775396,
    0.001915697738736182,
    0.0018901726404235934,
    0.0018615209051916853,
    0.0018298559051930679,
    0.0017953029357783783,
    0.0017579987197146648,
    0.0017180908661865836,
    0.0016757372867210961,
    0.001631105570346785,
    0.001584372320460238,
    0.0015357224560234378,
    0.0014853484798572705,
    0.0014334497169264286,
    0.0013802315256297556,
    0.001325904485216867,
    0.0012706835625463748,
    0.0012147872614827596,
    0.0011584367582976598,
    0.001101855026496696,
    0.0010452659545348178,
    0.0009888934599112833,
    0.0009329606031497147,
    0.0008776887051691189,
    0.0008232964715383635,
    0.0007699991270793352,
    0.0007180075642430772,
    0.0006675275086287075,
    0.0006187587049470626,
    0.0005718941266501478,
    0.0005271192123537993,
    0.0004846111320749675,
    0.0004445380861870523,
    0.000407058639867248,
    0.00037232109566943196,
    0.00034046290670526494,
    0.0003116101327554864,
    0.0002858769414635215,
    0.0002633651565851286,
    0.00024416385508161927,
    0.00022834901465091487,
    0.00021598321309112457,
    0.0002071153806862343,
    0.00020178060659369277,
    0.0002
  ]
}